"filename", "language", "Python", "SQL", "LaTeX", "HTML", "JavaScript", "Markdown", "CSS", "pip requirements", "Docker", "XML", "BibTeX", "YAML", "JSON", "TeX", "Batch", "Shell Script", "comment", "blank", "total"
"c:\Users\shadowofgost\OneDrive\桌面\Desktop\Documents\ComputerScienceThesis\Database.py", "Python", 657, 0, 0, 0, 0, 0, 0, 0, 0, 0, 0, 0, 0, 0, 0, 0, 43, 46, 746
"c:\Users\shadowofgost\OneDrive\桌面\Desktop\Documents\ComputerScienceThesis\docker-compose.yml", "YAML", 0, 0, 0, 0, 0, 0, 0, 0, 0, 0, 0, 11, 0, 0, 0, 0, 0, 1, 12
"c:\Users\shadowofgost\OneDrive\桌面\Desktop\Documents\ComputerScienceThesis\requirements.txt", "pip requirements", 0, 0, 0, 0, 0, 0, 0, 45, 0, 0, 0, 0, 0, 0, 0, 0, 0, 1, 46
"c:\Users\shadowofgost\OneDrive\桌面\Desktop\Documents\ComputerScienceThesis\src\App\Config\__init__.py", "Python", 1, 0, 0, 0, 0, 0, 0, 0, 0, 0, 0, 0, 0, 0, 0, 0, 14, 1, 16
"c:\Users\shadowofgost\OneDrive\桌面\Desktop\Documents\ComputerScienceThesis\src\App\Config\config.py", "Python", 18, 0, 0, 0, 0, 0, 0, 0, 0, 0, 0, 0, 0, 0, 0, 0, 14, 7, 39
"c:\Users\shadowofgost\OneDrive\桌面\Desktop\Documents\ComputerScienceThesis\src\App\Config\gunicorn_config.py", "Python", 50, 0, 0, 0, 0, 0, 0, 0, 0, 0, 0, 0, 0, 0, 0, 0, 170, 26, 246
"c:\Users\shadowofgost\OneDrive\桌面\Desktop\Documents\ComputerScienceThesis\src\App\Models\__init__.py", "Python", 1, 0, 0, 0, 0, 0, 0, 0, 0, 0, 0, 0, 0, 0, 0, 0, 14, 1, 16
"c:\Users\shadowofgost\OneDrive\桌面\Desktop\Documents\ComputerScienceThesis\src\App\Models\models.py", "Python", 501, 0, 0, 0, 0, 0, 0, 0, 0, 0, 0, 0, 0, 0, 0, 0, 29, 40, 570
"c:\Users\shadowofgost\OneDrive\桌面\Desktop\Documents\ComputerScienceThesis\src\App\Utils\__init__.py", "Python", 1, 0, 0, 0, 0, 0, 0, 0, 0, 0, 0, 0, 0, 0, 0, 0, 14, 1, 16
"c:\Users\shadowofgost\OneDrive\桌面\Desktop\Documents\ComputerScienceThesis\src\App\Utils\public.py", "Python", 34, 0, 0, 0, 0, 0, 0, 0, 0, 0, 0, 0, 0, 0, 0, 0, 16, 9, 59
"c:\Users\shadowofgost\OneDrive\桌面\Desktop\Documents\ComputerScienceThesis\src\App\Views\__init__.py", "Python", 13, 0, 0, 0, 0, 0, 0, 0, 0, 0, 0, 0, 0, 0, 0, 0, 14, 1, 28
"c:\Users\shadowofgost\OneDrive\桌面\Desktop\Documents\ComputerScienceThesis\src\App\Views\account.py", "Python", 163, 0, 0, 0, 0, 0, 0, 0, 0, 0, 0, 0, 0, 0, 0, 0, 20, 16, 199
"c:\Users\shadowofgost\OneDrive\桌面\Desktop\Documents\ComputerScienceThesis\src\App\Views\admin.py", "Python", 215, 0, 0, 0, 0, 0, 0, 0, 0, 0, 0, 0, 0, 0, 0, 0, 28, 22, 265
"c:\Users\shadowofgost\OneDrive\桌面\Desktop\Documents\ComputerScienceThesis\src\App\Views\announcement.py", "Python", 149, 0, 0, 0, 0, 0, 0, 0, 0, 0, 0, 0, 0, 0, 0, 0, 23, 18, 190
"c:\Users\shadowofgost\OneDrive\桌面\Desktop\Documents\ComputerScienceThesis\src\App\Views\backup\score.py", "Python", 161, 0, 0, 0, 0, 0, 0, 0, 0, 0, 0, 0, 0, 0, 0, 0, 38, 23, 222
"c:\Users\shadowofgost\OneDrive\桌面\Desktop\Documents\ComputerScienceThesis\src\App\Views\backup\users.py", "Python", 163, 0, 0, 0, 0, 0, 0, 0, 0, 0, 0, 0, 0, 0, 0, 0, 26, 20, 209
"c:\Users\shadowofgost\OneDrive\桌面\Desktop\Documents\ComputerScienceThesis\src\App\Views\department.py", "Python", 209, 0, 0, 0, 0, 0, 0, 0, 0, 0, 0, 0, 0, 0, 0, 0, 28, 22, 259
"c:\Users\shadowofgost\OneDrive\桌面\Desktop\Documents\ComputerScienceThesis\src\App\Views\image.py", "Python", 27, 0, 0, 0, 0, 0, 0, 0, 0, 0, 0, 0, 0, 0, 0, 0, 14, 7, 48
"c:\Users\shadowofgost\OneDrive\桌面\Desktop\Documents\ComputerScienceThesis\src\App\Views\lookannouncement.py", "Python", 89, 0, 0, 0, 0, 0, 0, 0, 0, 0, 0, 0, 0, 0, 0, 0, 18, 8, 115
"c:\Users\shadowofgost\OneDrive\桌面\Desktop\Documents\ComputerScienceThesis\src\App\Views\lookclass.py", "Python", 106, 0, 0, 0, 0, 0, 0, 0, 0, 0, 0, 0, 0, 0, 0, 0, 20, 8, 134
"c:\Users\shadowofgost\OneDrive\桌面\Desktop\Documents\ComputerScienceThesis\src\App\Views\lookscore.py", "Python", 104, 0, 0, 0, 0, 0, 0, 0, 0, 0, 0, 0, 0, 0, 0, 0, 22, 8, 134
"c:\Users\shadowofgost\OneDrive\桌面\Desktop\Documents\ComputerScienceThesis\src\App\Views\myclass.py", "Python", 255, 0, 0, 0, 0, 0, 0, 0, 0, 0, 0, 0, 0, 0, 0, 0, 30, 22, 307
"c:\Users\shadowofgost\OneDrive\桌面\Desktop\Documents\ComputerScienceThesis\src\App\Views\public.py", "Python", 32, 0, 0, 0, 0, 0, 0, 0, 0, 0, 0, 0, 0, 0, 0, 0, 14, 6, 52
"c:\Users\shadowofgost\OneDrive\桌面\Desktop\Documents\ComputerScienceThesis\src\App\Views\score.py", "Python", 263, 0, 0, 0, 0, 0, 0, 0, 0, 0, 0, 0, 0, 0, 0, 0, 32, 22, 317
"c:\Users\shadowofgost\OneDrive\桌面\Desktop\Documents\ComputerScienceThesis\src\App\Views\student.py", "Python", 292, 0, 0, 0, 0, 0, 0, 0, 0, 0, 0, 0, 0, 0, 0, 0, 29, 22, 343
"c:\Users\shadowofgost\OneDrive\桌面\Desktop\Documents\ComputerScienceThesis\src\App\Views\teacher.py", "Python", 278, 0, 0, 0, 0, 0, 0, 0, 0, 0, 0, 0, 0, 0, 0, 0, 29, 22, 329
"c:\Users\shadowofgost\OneDrive\桌面\Desktop\Documents\ComputerScienceThesis\src\App\Views\type.py", "Python", 183, 0, 0, 0, 0, 0, 0, 0, 0, 0, 0, 0, 0, 0, 0, 0, 28, 22, 233
"c:\Users\shadowofgost\OneDrive\桌面\Desktop\Documents\ComputerScienceThesis\src\App\__init__.py", "Python", 42, 0, 0, 0, 0, 0, 0, 0, 0, 0, 0, 0, 0, 0, 0, 0, 15, 4, 61
"c:\Users\shadowofgost\OneDrive\桌面\Desktop\Documents\ComputerScienceThesis\src\App\static\amis\ang-ie11.css", "CSS", 0, 0, 0, 0, 0, 0, 39835, 0, 0, 0, 0, 0, 0, 0, 0, 0, 247, 9008, 49090
"c:\Users\shadowofgost\OneDrive\桌面\Desktop\Documents\ComputerScienceThesis\src\App\static\amis\ang.css", "CSS", 0, 0, 0, 0, 0, 0, 40982, 0, 0, 0, 0, 0, 0, 0, 0, 0, 247, 9011, 50240
"c:\Users\shadowofgost\OneDrive\桌面\Desktop\Documents\ComputerScienceThesis\src\App\static\amis\antd-ie11.css", "CSS", 0, 0, 0, 0, 0, 0, 39801, 0, 0, 0, 0, 0, 0, 0, 0, 0, 250, 9009, 49060
"c:\Users\shadowofgost\OneDrive\桌面\Desktop\Documents\ComputerScienceThesis\src\App\static\amis\antd.css", "CSS", 0, 0, 0, 0, 0, 0, 41097, 0, 0, 0, 0, 0, 0, 0, 0, 0, 250, 9013, 50360
"c:\Users\shadowofgost\OneDrive\桌面\Desktop\Documents\ComputerScienceThesis\src\App\static\amis\barcode.js", "JavaScript", 0, 0, 0, 0, 102, 0, 0, 0, 0, 0, 0, 0, 0, 0, 0, 0, 0, 0, 102
"c:\Users\shadowofgost\OneDrive\桌面\Desktop\Documents\ComputerScienceThesis\src\App\static\amis\charts.js", "JavaScript", 0, 0, 0, 0, 32, 0, 0, 0, 0, 0, 0, 0, 0, 0, 0, 0, 45, 0, 77
"c:\Users\shadowofgost\OneDrive\桌面\Desktop\Documents\ComputerScienceThesis\src\App\static\amis\codemirror.js", "JavaScript", 0, 0, 0, 0, 14, 0, 0, 0, 0, 0, 0, 0, 0, 0, 0, 0, 0, 0, 14
"c:\Users\shadowofgost\OneDrive\桌面\Desktop\Documents\ComputerScienceThesis\src\App\static\amis\color-picker.js", "JavaScript", 0, 0, 0, 0, 130, 0, 0, 0, 0, 0, 0, 0, 0, 0, 0, 0, 0, 0, 130
"c:\Users\shadowofgost\OneDrive\桌面\Desktop\Documents\ComputerScienceThesis\src\App\static\amis\cropperjs.js", "JavaScript", 0, 0, 0, 0, 5, 0, 0, 0, 0, 0, 0, 0, 0, 0, 0, 0, 8, 0, 13
"c:\Users\shadowofgost\OneDrive\桌面\Desktop\Documents\ComputerScienceThesis\src\App\static\amis\cxd-ie11.css", "CSS", 0, 0, 0, 0, 0, 0, 40001, 0, 0, 0, 0, 0, 0, 0, 0, 0, 247, 9067, 49315
"c:\Users\shadowofgost\OneDrive\桌面\Desktop\Documents\ComputerScienceThesis\src\App\static\amis\cxd.css", "CSS", 0, 0, 0, 0, 0, 0, 41667, 0, 0, 0, 0, 0, 0, 0, 0, 0, 247, 9071, 50985
"c:\Users\shadowofgost\OneDrive\桌面\Desktop\Documents\ComputerScienceThesis\src\App\static\amis\dark-ie11.css", "CSS", 0, 0, 0, 0, 0, 0, 39835, 0, 0, 0, 0, 0, 0, 0, 0, 0, 247, 9008, 49090
"c:\Users\shadowofgost\OneDrive\桌面\Desktop\Documents\ComputerScienceThesis\src\App\static\amis\dark.css", "CSS", 0, 0, 0, 0, 0, 0, 41080, 0, 0, 0, 0, 0, 0, 0, 0, 0, 247, 9012, 50339
"c:\Users\shadowofgost\OneDrive\桌面\Desktop\Documents\ComputerScienceThesis\src\App\static\amis\exceljs.js", "JavaScript", 0, 0, 0, 0, 10, 0, 0, 0, 0, 0, 0, 0, 0, 0, 0, 0, 30, 4, 44
"c:\Users\shadowofgost\OneDrive\桌面\Desktop\Documents\ComputerScienceThesis\src\App\static\amis\helper.css", "CSS", 0, 0, 0, 0, 0, 0, 42790, 0, 0, 0, 0, 0, 0, 0, 0, 0, 2926, 12525, 58241
"c:\Users\shadowofgost\OneDrive\桌面\Desktop\Documents\ComputerScienceThesis\src\App\static\amis\iconfont.css", "CSS", 0, 0, 0, 0, 0, 0, 2404, 0, 0, 0, 0, 0, 0, 0, 0, 0, 0, 1, 2405
"c:\Users\shadowofgost\OneDrive\桌面\Desktop\Documents\ComputerScienceThesis\src\App\static\amis\iconfont.svg", "XML", 0, 0, 0, 0, 0, 0, 0, 0, 0, 848, 0, 0, 0, 0, 0, 0, 3, 1663, 2514
"c:\Users\shadowofgost\OneDrive\桌面\Desktop\Documents\ComputerScienceThesis\src\App\static\amis\ie11-patch.css", "CSS", 0, 0, 0, 0, 0, 0, 1, 0, 0, 0, 0, 0, 0, 0, 0, 0, 0, 1, 2
"c:\Users\shadowofgost\OneDrive\桌面\Desktop\Documents\ComputerScienceThesis\src\App\static\amis\locale\de-DE.js", "JavaScript", 0, 0, 0, 0, 297, 0, 0, 0, 0, 0, 0, 0, 0, 0, 0, 0, 0, 4, 301
"c:\Users\shadowofgost\OneDrive\桌面\Desktop\Documents\ComputerScienceThesis\src\App\static\amis\markdown.js", "JavaScript", 0, 0, 0, 0, 138, 0, 0, 0, 0, 0, 0, 0, 0, 0, 0, 0, 0, 0, 138
"c:\Users\shadowofgost\OneDrive\桌面\Desktop\Documents\ComputerScienceThesis\src\App\static\amis\papaparse.js", "JavaScript", 0, 0, 0, 0, 4, 0, 0, 0, 0, 0, 0, 0, 0, 0, 0, 0, 6, 3, 13
"c:\Users\shadowofgost\OneDrive\桌面\Desktop\Documents\ComputerScienceThesis\src\App\static\amis\renderers\Form\CityDB.js", "JavaScript", 0, 0, 0, 0, 1, 0, 0, 0, 0, 0, 0, 0, 0, 0, 0, 0, 0, 0, 1
"c:\Users\shadowofgost\OneDrive\桌面\Desktop\Documents\ComputerScienceThesis\src\App\static\amis\rest.js", "JavaScript", 0, 0, 0, 0, 34, 0, 0, 0, 0, 0, 0, 0, 0, 0, 0, 0, 0, 0, 34
"c:\Users\shadowofgost\OneDrive\桌面\Desktop\Documents\ComputerScienceThesis\src\App\static\amis\rich-text.js", "JavaScript", 0, 0, 0, 0, 123, 0, 0, 0, 0, 0, 0, 0, 0, 0, 0, 0, 158, 118, 399
"c:\Users\shadowofgost\OneDrive\桌面\Desktop\Documents\ComputerScienceThesis\src\App\static\amis\sdk-ie11.css", "CSS", 0, 0, 0, 0, 0, 0, 40001, 0, 0, 0, 0, 0, 0, 0, 0, 0, 247, 9067, 49315
"c:\Users\shadowofgost\OneDrive\桌面\Desktop\Documents\ComputerScienceThesis\src\App\static\amis\sdk.css", "CSS", 0, 0, 0, 0, 0, 0, 41667, 0, 0, 0, 0, 0, 0, 0, 0, 0, 247, 9071, 50985
"c:\Users\shadowofgost\OneDrive\桌面\Desktop\Documents\ComputerScienceThesis\src\App\static\amis\sdk.js", "JavaScript", 0, 0, 0, 0, 3112, 0, 0, 0, 0, 0, 0, 0, 0, 0, 0, 0, 211, 104, 3427
"c:\Users\shadowofgost\OneDrive\桌面\Desktop\Documents\ComputerScienceThesis\src\App\static\amis\sdk_backup.css", "CSS", 0, 0, 0, 0, 0, 0, 34274, 0, 0, 0, 0, 0, 0, 0, 0, 0, 235, 7070, 41579
"c:\Users\shadowofgost\OneDrive\桌面\Desktop\Documents\ComputerScienceThesis\src\App\static\amis\themes\spinner-default.svg", "XML", 0, 0, 0, 0, 0, 0, 0, 0, 0, 1, 0, 0, 0, 0, 0, 0, 0, 0, 1
"c:\Users\shadowofgost\OneDrive\桌面\Desktop\Documents\ComputerScienceThesis\src\App\static\amis\thirds\bootstrap\fonts\glyphicons-halflings-regular.svg", "XML", 0, 0, 0, 0, 0, 0, 0, 0, 0, 288, 0, 0, 0, 0, 0, 0, 0, 0, 288
"c:\Users\shadowofgost\OneDrive\桌面\Desktop\Documents\ComputerScienceThesis\src\App\static\amis\thirds\entities\lib\maps\entities.json", "JSON", 0, 0, 0, 0, 0, 0, 0, 0, 0, 0, 0, 0, 1, 0, 0, 0, 0, 1, 2
"c:\Users\shadowofgost\OneDrive\桌面\Desktop\Documents\ComputerScienceThesis\src\App\static\amis\thirds\flv.js\flv.js", "JavaScript", 0, 0, 0, 0, 6, 0, 0, 0, 0, 0, 0, 0, 0, 0, 0, 0, 0, 0, 6
"c:\Users\shadowofgost\OneDrive\桌面\Desktop\Documents\ComputerScienceThesis\src\App\static\amis\thirds\font-awesome\fonts\fontawesome-webfont.svg", "XML", 0, 0, 0, 0, 0, 0, 0, 0, 0, 2671, 0, 0, 0, 0, 0, 0, 0, 1, 2672
"c:\Users\shadowofgost\OneDrive\桌面\Desktop\Documents\ComputerScienceThesis\src\App\static\amis\thirds\hls.js\hls.js", "JavaScript", 0, 0, 0, 0, 92, 0, 0, 0, 0, 0, 0, 0, 0, 0, 0, 0, 273, 0, 365
"c:\Users\shadowofgost\OneDrive\桌面\Desktop\Documents\ComputerScienceThesis\src\App\static\amis\thirds\monaco-editor\min\vs\base\worker\workerMain.js", "JavaScript", 0, 0, 0, 0, 12, 0, 0, 0, 0, 0, 0, 0, 0, 0, 0, 0, 8, 2, 22
"c:\Users\shadowofgost\OneDrive\桌面\Desktop\Documents\ComputerScienceThesis\src\App\static\amis\thirds\monaco-editor\min\vs\basic-languages\apex\apex.js", "JavaScript", 0, 0, 0, 0, 2, 0, 0, 0, 0, 0, 0, 0, 0, 0, 0, 0, 9, 0, 11
"c:\Users\shadowofgost\OneDrive\桌面\Desktop\Documents\ComputerScienceThesis\src\App\static\amis\thirds\monaco-editor\min\vs\basic-languages\azcli\azcli.js", "JavaScript", 0, 0, 0, 0, 4, 0, 0, 0, 0, 0, 0, 0, 0, 0, 0, 0, 6, 1, 11
"c:\Users\shadowofgost\OneDrive\桌面\Desktop\Documents\ComputerScienceThesis\src\App\static\amis\thirds\monaco-editor\min\vs\basic-languages\bat\bat.js", "JavaScript", 0, 0, 0, 0, 4, 0, 0, 0, 0, 0, 0, 0, 0, 0, 0, 0, 6, 1, 11
"c:\Users\shadowofgost\OneDrive\桌面\Desktop\Documents\ComputerScienceThesis\src\App\static\amis\thirds\monaco-editor\min\vs\basic-languages\clojure\clojure.js", "JavaScript", 0, 0, 0, 0, 4, 0, 0, 0, 0, 0, 0, 0, 0, 0, 0, 0, 6, 1, 11
"c:\Users\shadowofgost\OneDrive\桌面\Desktop\Documents\ComputerScienceThesis\src\App\static\amis\thirds\monaco-editor\min\vs\basic-languages\coffee\coffee.js", "JavaScript", 0, 0, 0, 0, 4, 0, 0, 0, 0, 0, 0, 0, 0, 0, 0, 0, 6, 1, 11
"c:\Users\shadowofgost\OneDrive\桌面\Desktop\Documents\ComputerScienceThesis\src\App\static\amis\thirds\monaco-editor\min\vs\basic-languages\cpp\cpp.js", "JavaScript", 0, 0, 0, 0, 4, 0, 0, 0, 0, 0, 0, 0, 0, 0, 0, 0, 6, 1, 11
"c:\Users\shadowofgost\OneDrive\桌面\Desktop\Documents\ComputerScienceThesis\src\App\static\amis\thirds\monaco-editor\min\vs\basic-languages\csharp\csharp.js", "JavaScript", 0, 0, 0, 0, 4, 0, 0, 0, 0, 0, 0, 0, 0, 0, 0, 0, 6, 1, 11
"c:\Users\shadowofgost\OneDrive\桌面\Desktop\Documents\ComputerScienceThesis\src\App\static\amis\thirds\monaco-editor\min\vs\basic-languages\css\css.js", "JavaScript", 0, 0, 0, 0, 6, 0, 0, 0, 0, 0, 0, 0, 0, 0, 0, 0, 6, 1, 13
"c:\Users\shadowofgost\OneDrive\桌面\Desktop\Documents\ComputerScienceThesis\src\App\static\amis\thirds\monaco-editor\min\vs\basic-languages\dockerfile\dockerfile.js", "JavaScript", 0, 0, 0, 0, 4, 0, 0, 0, 0, 0, 0, 0, 0, 0, 0, 0, 6, 1, 11
"c:\Users\shadowofgost\OneDrive\桌面\Desktop\Documents\ComputerScienceThesis\src\App\static\amis\thirds\monaco-editor\min\vs\basic-languages\fsharp\fsharp.js", "JavaScript", 0, 0, 0, 0, 4, 0, 0, 0, 0, 0, 0, 0, 0, 0, 0, 0, 6, 1, 11
"c:\Users\shadowofgost\OneDrive\桌面\Desktop\Documents\ComputerScienceThesis\src\App\static\amis\thirds\monaco-editor\min\vs\basic-languages\go\go.js", "JavaScript", 0, 0, 0, 0, 2, 0, 0, 0, 0, 0, 0, 0, 0, 0, 0, 0, 9, 0, 11
"c:\Users\shadowofgost\OneDrive\桌面\Desktop\Documents\ComputerScienceThesis\src\App\static\amis\thirds\monaco-editor\min\vs\basic-languages\handlebars\handlebars.js", "JavaScript", 0, 0, 0, 0, 4, 0, 0, 0, 0, 0, 0, 0, 0, 0, 0, 0, 6, 1, 11
"c:\Users\shadowofgost\OneDrive\桌面\Desktop\Documents\ComputerScienceThesis\src\App\static\amis\thirds\monaco-editor\min\vs\basic-languages\html\html.js", "JavaScript", 0, 0, 0, 0, 4, 0, 0, 0, 0, 0, 0, 0, 0, 0, 0, 0, 6, 1, 11
"c:\Users\shadowofgost\OneDrive\桌面\Desktop\Documents\ComputerScienceThesis\src\App\static\amis\thirds\monaco-editor\min\vs\basic-languages\ini\ini.js", "JavaScript", 0, 0, 0, 0, 4, 0, 0, 0, 0, 0, 0, 0, 0, 0, 0, 0, 6, 1, 11
"c:\Users\shadowofgost\OneDrive\桌面\Desktop\Documents\ComputerScienceThesis\src\App\static\amis\thirds\monaco-editor\min\vs\basic-languages\java\java.js", "JavaScript", 0, 0, 0, 0, 2, 0, 0, 0, 0, 0, 0, 0, 0, 0, 0, 0, 9, 0, 11
"c:\Users\shadowofgost\OneDrive\桌面\Desktop\Documents\ComputerScienceThesis\src\App\static\amis\thirds\monaco-editor\min\vs\basic-languages\javascript\javascript.js", "JavaScript", 0, 0, 0, 0, 2, 0, 0, 0, 0, 0, 0, 0, 0, 0, 0, 0, 9, 0, 11
"c:\Users\shadowofgost\OneDrive\桌面\Desktop\Documents\ComputerScienceThesis\src\App\static\amis\thirds\monaco-editor\min\vs\basic-languages\less\less.js", "JavaScript", 0, 0, 0, 0, 5, 0, 0, 0, 0, 0, 0, 0, 0, 0, 0, 0, 6, 1, 12
"c:\Users\shadowofgost\OneDrive\桌面\Desktop\Documents\ComputerScienceThesis\src\App\static\amis\thirds\monaco-editor\min\vs\basic-languages\lua\lua.js", "JavaScript", 0, 0, 0, 0, 4, 0, 0, 0, 0, 0, 0, 0, 0, 0, 0, 0, 6, 1, 11
"c:\Users\shadowofgost\OneDrive\桌面\Desktop\Documents\ComputerScienceThesis\src\App\static\amis\thirds\monaco-editor\min\vs\basic-languages\markdown\markdown.js", "JavaScript", 0, 0, 0, 0, 4, 0, 0, 0, 0, 0, 0, 0, 0, 0, 0, 0, 6, 1, 11
"c:\Users\shadowofgost\OneDrive\桌面\Desktop\Documents\ComputerScienceThesis\src\App\static\amis\thirds\monaco-editor\min\vs\basic-languages\msdax\msdax.js", "JavaScript", 0, 0, 0, 0, 4, 0, 0, 0, 0, 0, 0, 0, 0, 0, 0, 0, 6, 1, 11
"c:\Users\shadowofgost\OneDrive\桌面\Desktop\Documents\ComputerScienceThesis\src\App\static\amis\thirds\monaco-editor\min\vs\basic-languages\objective-c\objective-c.js", "JavaScript", 0, 0, 0, 0, 4, 0, 0, 0, 0, 0, 0, 0, 0, 0, 0, 0, 6, 1, 11
"c:\Users\shadowofgost\OneDrive\桌面\Desktop\Documents\ComputerScienceThesis\src\App\static\amis\thirds\monaco-editor\min\vs\basic-languages\php\php.js", "JavaScript", 0, 0, 0, 0, 4, 0, 0, 0, 0, 0, 0, 0, 0, 0, 0, 0, 6, 1, 11
"c:\Users\shadowofgost\OneDrive\桌面\Desktop\Documents\ComputerScienceThesis\src\App\static\amis\thirds\monaco-editor\min\vs\basic-languages\postiats\postiats.js", "JavaScript", 0, 0, 0, 0, 4, 0, 0, 0, 0, 0, 0, 0, 0, 0, 0, 0, 6, 1, 11
"c:\Users\shadowofgost\OneDrive\桌面\Desktop\Documents\ComputerScienceThesis\src\App\static\amis\thirds\monaco-editor\min\vs\basic-languages\powershell\powershell.js", "JavaScript", 0, 0, 0, 0, 4, 0, 0, 0, 0, 0, 0, 0, 0, 0, 0, 0, 6, 1, 11
"c:\Users\shadowofgost\OneDrive\桌面\Desktop\Documents\ComputerScienceThesis\src\App\static\amis\thirds\monaco-editor\min\vs\basic-languages\pug\pug.js", "JavaScript", 0, 0, 0, 0, 4, 0, 0, 0, 0, 0, 0, 0, 0, 0, 0, 0, 6, 1, 11
"c:\Users\shadowofgost\OneDrive\桌面\Desktop\Documents\ComputerScienceThesis\src\App\static\amis\thirds\monaco-editor\min\vs\basic-languages\python\python.js", "JavaScript", 0, 0, 0, 0, 4, 0, 0, 0, 0, 0, 0, 0, 0, 0, 0, 0, 6, 1, 11
"c:\Users\shadowofgost\OneDrive\桌面\Desktop\Documents\ComputerScienceThesis\src\App\static\amis\thirds\monaco-editor\min\vs\basic-languages\r\r.js", "JavaScript", 0, 0, 0, 0, 4, 0, 0, 0, 0, 0, 0, 0, 0, 0, 0, 0, 6, 1, 11
"c:\Users\shadowofgost\OneDrive\桌面\Desktop\Documents\ComputerScienceThesis\src\App\static\amis\thirds\monaco-editor\min\vs\basic-languages\razor\razor.js", "JavaScript", 0, 0, 0, 0, 4, 0, 0, 0, 0, 0, 0, 0, 0, 0, 0, 0, 6, 1, 11
"c:\Users\shadowofgost\OneDrive\桌面\Desktop\Documents\ComputerScienceThesis\src\App\static\amis\thirds\monaco-editor\min\vs\basic-languages\redis\redis.js", "JavaScript", 0, 0, 0, 0, 4, 0, 0, 0, 0, 0, 0, 0, 0, 0, 0, 0, 6, 1, 11
"c:\Users\shadowofgost\OneDrive\桌面\Desktop\Documents\ComputerScienceThesis\src\App\static\amis\thirds\monaco-editor\min\vs\basic-languages\redshift\redshift.js", "JavaScript", 0, 0, 0, 0, 4, 0, 0, 0, 0, 0, 0, 0, 0, 0, 0, 0, 6, 1, 11
"c:\Users\shadowofgost\OneDrive\桌面\Desktop\Documents\ComputerScienceThesis\src\App\static\amis\thirds\monaco-editor\min\vs\basic-languages\ruby\ruby.js", "JavaScript", 0, 0, 0, 0, 4, 0, 0, 0, 0, 0, 0, 0, 0, 0, 0, 0, 6, 1, 11
"c:\Users\shadowofgost\OneDrive\桌面\Desktop\Documents\ComputerScienceThesis\src\App\static\amis\thirds\monaco-editor\min\vs\basic-languages\rust\rust.js", "JavaScript", 0, 0, 0, 0, 2, 0, 0, 0, 0, 0, 0, 0, 0, 0, 0, 0, 9, 0, 11
"c:\Users\shadowofgost\OneDrive\桌面\Desktop\Documents\ComputerScienceThesis\src\App\static\amis\thirds\monaco-editor\min\vs\basic-languages\sb\sb.js", "JavaScript", 0, 0, 0, 0, 4, 0, 0, 0, 0, 0, 0, 0, 0, 0, 0, 0, 6, 1, 11
"c:\Users\shadowofgost\OneDrive\桌面\Desktop\Documents\ComputerScienceThesis\src\App\static\amis\thirds\monaco-editor\min\vs\basic-languages\scheme\scheme.js", "JavaScript", 0, 0, 0, 0, 4, 0, 0, 0, 0, 0, 0, 0, 0, 0, 0, 0, 6, 1, 11
"c:\Users\shadowofgost\OneDrive\桌面\Desktop\Documents\ComputerScienceThesis\src\App\static\amis\thirds\monaco-editor\min\vs\basic-languages\scss\scss.js", "JavaScript", 0, 0, 0, 0, 6, 0, 0, 0, 0, 0, 0, 0, 0, 0, 0, 0, 6, 1, 13
"c:\Users\shadowofgost\OneDrive\桌面\Desktop\Documents\ComputerScienceThesis\src\App\static\amis\thirds\monaco-editor\min\vs\basic-languages\shell\shell.js", "JavaScript", 0, 0, 0, 0, 4, 0, 0, 0, 0, 0, 0, 0, 0, 0, 0, 0, 6, 1, 11
"c:\Users\shadowofgost\OneDrive\桌面\Desktop\Documents\ComputerScienceThesis\src\App\static\amis\thirds\monaco-editor\min\vs\basic-languages\solidity\solidity.js", "JavaScript", 0, 0, 0, 0, 2, 0, 0, 0, 0, 0, 0, 0, 0, 0, 0, 0, 9, 0, 11
"c:\Users\shadowofgost\OneDrive\桌面\Desktop\Documents\ComputerScienceThesis\src\App\static\amis\thirds\monaco-editor\min\vs\basic-languages\sql\sql.js", "JavaScript", 0, 0, 0, 0, 4, 0, 0, 0, 0, 0, 0, 0, 0, 0, 0, 0, 6, 1, 11
"c:\Users\shadowofgost\OneDrive\桌面\Desktop\Documents\ComputerScienceThesis\src\App\static\amis\thirds\monaco-editor\min\vs\basic-languages\st\st.js", "JavaScript", 0, 0, 0, 0, 4, 0, 0, 0, 0, 0, 0, 0, 0, 0, 0, 0, 6, 1, 11
"c:\Users\shadowofgost\OneDrive\桌面\Desktop\Documents\ComputerScienceThesis\src\App\static\amis\thirds\monaco-editor\min\vs\basic-languages\swift\swift.js", "JavaScript", 0, 0, 0, 0, 4, 0, 0, 0, 0, 0, 0, 0, 0, 0, 0, 0, 9, 1, 14
"c:\Users\shadowofgost\OneDrive\桌面\Desktop\Documents\ComputerScienceThesis\src\App\static\amis\thirds\monaco-editor\min\vs\basic-languages\typescript\typescript.js", "JavaScript", 0, 0, 0, 0, 2, 0, 0, 0, 0, 0, 0, 0, 0, 0, 0, 0, 9, 0, 11
"c:\Users\shadowofgost\OneDrive\桌面\Desktop\Documents\ComputerScienceThesis\src\App\static\amis\thirds\monaco-editor\min\vs\basic-languages\vb\vb.js", "JavaScript", 0, 0, 0, 0, 4, 0, 0, 0, 0, 0, 0, 0, 0, 0, 0, 0, 6, 1, 11
"c:\Users\shadowofgost\OneDrive\桌面\Desktop\Documents\ComputerScienceThesis\src\App\static\amis\thirds\monaco-editor\min\vs\basic-languages\xml\xml.js", "JavaScript", 0, 0, 0, 0, 4, 0, 0, 0, 0, 0, 0, 0, 0, 0, 0, 0, 6, 1, 11
"c:\Users\shadowofgost\OneDrive\桌面\Desktop\Documents\ComputerScienceThesis\src\App\static\amis\thirds\monaco-editor\min\vs\basic-languages\yaml\yaml.js", "JavaScript", 0, 0, 0, 0, 4, 0, 0, 0, 0, 0, 0, 0, 0, 0, 0, 0, 6, 1, 11
"c:\Users\shadowofgost\OneDrive\桌面\Desktop\Documents\ComputerScienceThesis\src\App\static\amis\thirds\monaco-editor\min\vs\editor\editor.main.css", "CSS", 0, 0, 0, 0, 0, 0, 1, 0, 0, 0, 0, 0, 0, 0, 0, 0, 5, 0, 6
"c:\Users\shadowofgost\OneDrive\桌面\Desktop\Documents\ComputerScienceThesis\src\App\static\amis\thirds\monaco-editor\min\vs\editor\editor.main.js", "JavaScript", 0, 0, 0, 0, 665, 0, 0, 0, 0, 0, 0, 0, 0, 0, 0, 0, 54, 86, 805
"c:\Users\shadowofgost\OneDrive\桌面\Desktop\Documents\ComputerScienceThesis\src\App\static\amis\thirds\monaco-editor\min\vs\editor\editor.main.nls.js", "JavaScript", 0, 0, 0, 0, 20, 0, 0, 0, 0, 0, 0, 0, 0, 0, 0, 0, 6, 1, 27
"c:\Users\shadowofgost\OneDrive\桌面\Desktop\Documents\ComputerScienceThesis\src\App\static\amis\thirds\monaco-editor\min\vs\editor\editor.main.nls.zh-cn.js", "JavaScript", 0, 0, 0, 0, 22, 0, 0, 0, 0, 0, 0, 0, 0, 0, 0, 0, 6, 1, 29
"c:\Users\shadowofgost\OneDrive\桌面\Desktop\Documents\ComputerScienceThesis\src\App\static\amis\thirds\monaco-editor\min\vs\language\css\cssMode.js", "JavaScript", 0, 0, 0, 0, 7, 0, 0, 0, 0, 0, 0, 0, 0, 0, 0, 0, 6, 1, 14
"c:\Users\shadowofgost\OneDrive\桌面\Desktop\Documents\ComputerScienceThesis\src\App\static\amis\thirds\monaco-editor\min\vs\language\css\cssWorker.js", "JavaScript", 0, 0, 0, 0, 38, 0, 0, 0, 0, 0, 0, 0, 0, 0, 0, 0, 6, 20, 64
"c:\Users\shadowofgost\OneDrive\桌面\Desktop\Documents\ComputerScienceThesis\src\App\static\amis\thirds\monaco-editor\min\vs\language\html\htmlMode.js", "JavaScript", 0, 0, 0, 0, 7, 0, 0, 0, 0, 0, 0, 0, 0, 0, 0, 0, 6, 1, 14
"c:\Users\shadowofgost\OneDrive\桌面\Desktop\Documents\ComputerScienceThesis\src\App\static\amis\thirds\monaco-editor\min\vs\language\html\htmlWorker.js", "JavaScript", 0, 0, 0, 0, 257, 0, 0, 0, 0, 0, 0, 0, 0, 0, 0, 0, 6, 191, 454
"c:\Users\shadowofgost\OneDrive\桌面\Desktop\Documents\ComputerScienceThesis\src\App\static\amis\thirds\monaco-editor\min\vs\language\json\jsonMode.js", "JavaScript", 0, 0, 0, 0, 9, 0, 0, 0, 0, 0, 0, 0, 0, 0, 0, 0, 6, 1, 16
"c:\Users\shadowofgost\OneDrive\桌面\Desktop\Documents\ComputerScienceThesis\src\App\static\amis\thirds\monaco-editor\min\vs\language\json\jsonWorker.js", "JavaScript", 0, 0, 0, 0, 27, 0, 0, 0, 0, 0, 0, 0, 0, 0, 0, 0, 6, 4, 37
"c:\Users\shadowofgost\OneDrive\桌面\Desktop\Documents\ComputerScienceThesis\src\App\static\amis\thirds\monaco-editor\min\vs\language\typescript\tsMode.js", "JavaScript", 0, 0, 0, 0, 11, 0, 0, 0, 0, 0, 0, 0, 0, 0, 0, 0, 6, 4, 21
"c:\Users\shadowofgost\OneDrive\桌面\Desktop\Documents\ComputerScienceThesis\src\App\static\amis\thirds\monaco-editor\min\vs\language\typescript\tsWorker.js", "JavaScript", 0, 0, 0, 0, 20780, 0, 0, 0, 0, 0, 0, 0, 0, 0, 0, 0, 9667, 3524, 33971
"c:\Users\shadowofgost\OneDrive\桌面\Desktop\Documents\ComputerScienceThesis\src\App\static\amis\thirds\monaco-editor\min\vs\loader.js", "JavaScript", 0, 0, 0, 0, 4, 0, 0, 0, 0, 0, 0, 0, 0, 0, 0, 0, 6, 1, 11
"c:\Users\shadowofgost\OneDrive\桌面\Desktop\Documents\ComputerScienceThesis\src\App\static\amis\thirds\mpegts.js\mpegts.js", "JavaScript", 0, 0, 0, 0, 2, 0, 0, 0, 0, 0, 0, 0, 0, 0, 0, 0, 7, 0, 9
"c:\Users\shadowofgost\OneDrive\桌面\Desktop\Documents\ComputerScienceThesis\src\App\static\amis\tinymce.js", "JavaScript", 0, 0, 0, 0, 114, 0, 0, 0, 0, 0, 0, 0, 0, 0, 0, 0, 0, 0, 114
"c:\Users\shadowofgost\OneDrive\桌面\Desktop\Documents\ComputerScienceThesis\src\App\static\css\404.css", "CSS", 0, 0, 0, 0, 0, 0, 54, 0, 0, 0, 0, 0, 0, 0, 0, 0, 2, 9, 65
"c:\Users\shadowofgost\OneDrive\桌面\Desktop\Documents\ComputerScienceThesis\src\App\static\css\base.css", "CSS", 0, 0, 0, 0, 0, 0, 223, 0, 0, 0, 0, 0, 0, 0, 0, 0, 25, 40, 288
"c:\Users\shadowofgost\OneDrive\桌面\Desktop\Documents\ComputerScienceThesis\src\App\static\css\form.css", "CSS", 0, 0, 0, 0, 0, 0, 130, 0, 0, 0, 0, 0, 0, 0, 0, 0, 8, 28, 166
"c:\Users\shadowofgost\OneDrive\桌面\Desktop\Documents\ComputerScienceThesis\src\App\static\css\iconfont.css", "CSS", 0, 0, 0, 0, 0, 0, 447, 0, 0, 0, 0, 0, 0, 0, 0, 0, 0, 147, 594
"c:\Users\shadowofgost\OneDrive\桌面\Desktop\Documents\ComputerScienceThesis\src\App\static\css\login.css", "CSS", 0, 0, 0, 0, 0, 0, 70, 0, 0, 0, 0, 0, 0, 0, 0, 0, 2, 7, 79
"c:\Users\shadowofgost\OneDrive\桌面\Desktop\Documents\ComputerScienceThesis\src\App\static\js\README.md", "Markdown", 0, 0, 0, 0, 0, 2, 0, 0, 0, 0, 0, 0, 0, 0, 0, 0, 0, 1, 3
"c:\Users\shadowofgost\OneDrive\桌面\Desktop\Documents\ComputerScienceThesis\src\App\static\js\account.js", "JavaScript", 0, 0, 0, 0, 374, 0, 0, 0, 0, 0, 0, 0, 0, 0, 0, 0, 15, 1, 390
"c:\Users\shadowofgost\OneDrive\桌面\Desktop\Documents\ComputerScienceThesis\src\App\static\js\admin.js", "JavaScript", 0, 0, 0, 0, 283, 0, 0, 0, 0, 0, 0, 0, 0, 0, 0, 0, 23, 3, 309
"c:\Users\shadowofgost\OneDrive\桌面\Desktop\Documents\ComputerScienceThesis\src\App\static\js\announcement.js", "JavaScript", 0, 0, 0, 0, 347, 0, 0, 0, 0, 0, 0, 0, 0, 0, 0, 0, 40, 3, 390
"c:\Users\shadowofgost\OneDrive\桌面\Desktop\Documents\ComputerScienceThesis\src\App\static\js\canvas-particle.js", "JavaScript", 0, 0, 0, 0, 141, 0, 0, 0, 0, 0, 0, 0, 0, 0, 0, 0, 17, 10, 168
"c:\Users\shadowofgost\OneDrive\桌面\Desktop\Documents\ComputerScienceThesis\src\App\static\js\class.js", "JavaScript", 0, 0, 0, 0, 342, 0, 0, 0, 0, 0, 0, 0, 0, 0, 0, 0, 29, 7, 378
"c:\Users\shadowofgost\OneDrive\桌面\Desktop\Documents\ComputerScienceThesis\src\App\static\js\department.js", "JavaScript", 0, 0, 0, 0, 222, 0, 0, 0, 0, 0, 0, 0, 0, 0, 0, 0, 22, 3, 247
"c:\Users\shadowofgost\OneDrive\桌面\Desktop\Documents\ComputerScienceThesis\src\App\static\js\index.js", "JavaScript", 0, 0, 0, 0, 12, 0, 0, 0, 0, 0, 0, 0, 0, 0, 0, 0, 24, 1, 37
"c:\Users\shadowofgost\OneDrive\桌面\Desktop\Documents\ComputerScienceThesis\src\App\static\js\jquery.js", "JavaScript", 0, 0, 0, 0, 1, 0, 0, 0, 0, 0, 0, 0, 0, 0, 0, 0, 13, 1, 15
"c:\Users\shadowofgost\OneDrive\桌面\Desktop\Documents\ComputerScienceThesis\src\App\static\js\login.js", "JavaScript", 0, 0, 0, 0, 60, 0, 0, 0, 0, 0, 0, 0, 0, 0, 0, 0, 15, 7, 82
"c:\Users\shadowofgost\OneDrive\桌面\Desktop\Documents\ComputerScienceThesis\src\App\static\js\main.js", "JavaScript", 0, 0, 0, 0, 3286, 0, 0, 0, 0, 0, 0, 0, 0, 0, 0, 0, 164, 30, 3480
"c:\Users\shadowofgost\OneDrive\桌面\Desktop\Documents\ComputerScienceThesis\src\App\static\js\score.js", "JavaScript", 0, 0, 0, 0, 375, 0, 0, 0, 0, 0, 0, 0, 0, 0, 0, 0, 28, 5, 408
"c:\Users\shadowofgost\OneDrive\桌面\Desktop\Documents\ComputerScienceThesis\src\App\static\js\student.js", "JavaScript", 0, 0, 0, 0, 602, 0, 0, 0, 0, 0, 0, 0, 0, 0, 0, 0, 49, 3, 654
"c:\Users\shadowofgost\OneDrive\桌面\Desktop\Documents\ComputerScienceThesis\src\App\static\js\teacher.js", "JavaScript", 0, 0, 0, 0, 530, 0, 0, 0, 0, 0, 0, 0, 0, 0, 0, 0, 32, 2, 564
"c:\Users\shadowofgost\OneDrive\桌面\Desktop\Documents\ComputerScienceThesis\src\App\static\js\type.js", "JavaScript", 0, 0, 0, 0, 199, 0, 0, 0, 0, 0, 0, 0, 0, 0, 0, 0, 22, 2, 223
"c:\Users\shadowofgost\OneDrive\桌面\Desktop\Documents\ComputerScienceThesis\src\App\templates\404.html", "HTML", 0, 0, 0, 42, 0, 0, 0, 0, 0, 0, 0, 0, 0, 0, 0, 0, 11, 5, 58
"c:\Users\shadowofgost\OneDrive\桌面\Desktop\Documents\ComputerScienceThesis\src\App\templates\account.html", "HTML", 0, 0, 0, 1, 0, 0, 0, 0, 0, 0, 0, 0, 0, 0, 0, 0, 11, 1, 13
"c:\Users\shadowofgost\OneDrive\桌面\Desktop\Documents\ComputerScienceThesis\src\App\templates\admin.html", "HTML", 0, 0, 0, 2, 0, 0, 0, 0, 0, 0, 0, 0, 0, 0, 0, 0, 11, 1, 14
"c:\Users\shadowofgost\OneDrive\桌面\Desktop\Documents\ComputerScienceThesis\src\App\templates\announcement.html", "HTML", 0, 0, 0, 2, 0, 0, 0, 0, 0, 0, 0, 0, 0, 0, 0, 0, 11, 1, 14
"c:\Users\shadowofgost\OneDrive\桌面\Desktop\Documents\ComputerScienceThesis\src\App\templates\base.html", "HTML", 0, 0, 0, 397, 0, 0, 0, 0, 0, 0, 0, 0, 0, 0, 0, 0, 28, 7, 432
"c:\Users\shadowofgost\OneDrive\桌面\Desktop\Documents\ComputerScienceThesis\src\App\templates\department.html", "HTML", 0, 0, 0, 2, 0, 0, 0, 0, 0, 0, 0, 0, 0, 0, 0, 0, 11, 1, 14
"c:\Users\shadowofgost\OneDrive\桌面\Desktop\Documents\ComputerScienceThesis\src\App\templates\index.html", "HTML", 0, 0, 0, 2, 0, 0, 0, 0, 0, 0, 0, 0, 0, 0, 0, 0, 11, 1, 14
"c:\Users\shadowofgost\OneDrive\桌面\Desktop\Documents\ComputerScienceThesis\src\App\templates\login.html", "HTML", 0, 0, 0, 90, 0, 0, 0, 0, 0, 0, 0, 0, 0, 0, 0, 0, 11, 1, 102
"c:\Users\shadowofgost\OneDrive\桌面\Desktop\Documents\ComputerScienceThesis\src\App\templates\lookannouncement.html", "HTML", 0, 0, 0, 2, 0, 0, 0, 0, 0, 0, 0, 0, 0, 0, 0, 0, 11, 1, 14
"c:\Users\shadowofgost\OneDrive\桌面\Desktop\Documents\ComputerScienceThesis\src\App\templates\lookclass.html", "HTML", 0, 0, 0, 2, 0, 0, 0, 0, 0, 0, 0, 0, 0, 0, 0, 0, 11, 1, 14
"c:\Users\shadowofgost\OneDrive\桌面\Desktop\Documents\ComputerScienceThesis\src\App\templates\lookscore.html", "HTML", 0, 0, 0, 2, 0, 0, 0, 0, 0, 0, 0, 0, 0, 0, 0, 0, 11, 1, 14
"c:\Users\shadowofgost\OneDrive\桌面\Desktop\Documents\ComputerScienceThesis\src\App\templates\myclass.html", "HTML", 0, 0, 0, 2, 0, 0, 0, 0, 0, 0, 0, 0, 0, 0, 0, 0, 11, 1, 14
"c:\Users\shadowofgost\OneDrive\桌面\Desktop\Documents\ComputerScienceThesis\src\App\templates\score.html", "HTML", 0, 0, 0, 2, 0, 0, 0, 0, 0, 0, 0, 0, 0, 0, 0, 0, 11, 1, 14
"c:\Users\shadowofgost\OneDrive\桌面\Desktop\Documents\ComputerScienceThesis\src\App\templates\student.html", "HTML", 0, 0, 0, 2, 0, 0, 0, 0, 0, 0, 0, 0, 0, 0, 0, 0, 11, 1, 14
"c:\Users\shadowofgost\OneDrive\桌面\Desktop\Documents\ComputerScienceThesis\src\App\templates\teacher.html", "HTML", 0, 0, 0, 2, 0, 0, 0, 0, 0, 0, 0, 0, 0, 0, 0, 0, 11, 1, 14
"c:\Users\shadowofgost\OneDrive\桌面\Desktop\Documents\ComputerScienceThesis\src\App\templates\test.html", "HTML", 0, 0, 0, 1, 0, 0, 0, 0, 0, 0, 0, 0, 0, 0, 0, 0, 11, 1, 13
"c:\Users\shadowofgost\OneDrive\桌面\Desktop\Documents\ComputerScienceThesis\src\App\templates\type_crud.html", "HTML", 0, 0, 0, 2, 0, 0, 0, 0, 0, 0, 0, 0, 0, 0, 0, 0, 11, 1, 14
"c:\Users\shadowofgost\OneDrive\桌面\Desktop\Documents\ComputerScienceThesis\src\App\templates\users.html", "HTML", 0, 0, 0, 345, 0, 0, 0, 0, 0, 0, 0, 0, 0, 0, 0, 0, 11, 12, 368
"c:\Users\shadowofgost\OneDrive\桌面\Desktop\Documents\ComputerScienceThesis\src\DataBase.sql", "SQL", 0, 109, 0, 0, 0, 0, 0, 0, 0, 0, 0, 0, 0, 0, 0, 0, 2, 13, 124
"c:\Users\shadowofgost\OneDrive\桌面\Desktop\Documents\ComputerScienceThesis\src\Database.py", "Python", 715, 0, 0, 0, 0, 0, 0, 0, 0, 0, 0, 0, 0, 0, 0, 0, 29, 46, 790
"c:\Users\shadowofgost\OneDrive\桌面\Desktop\Documents\ComputerScienceThesis\src\Dockerfile", "Docker", 0, 0, 0, 0, 0, 0, 0, 0, 7, 0, 0, 0, 0, 0, 0, 0, 8, 2, 17
"c:\Users\shadowofgost\OneDrive\桌面\Desktop\Documents\ComputerScienceThesis\src\requirements.txt", "pip requirements", 0, 0, 0, 0, 0, 0, 0, 43, 0, 0, 0, 0, 0, 0, 0, 0, 0, 0, 43
"c:\Users\shadowofgost\OneDrive\桌面\Desktop\Documents\ComputerScienceThesis\src\run.py", "Python", 4, 0, 0, 0, 0, 0, 0, 0, 0, 0, 0, 0, 0, 0, 0, 0, 15, 3, 22
"c:\Users\shadowofgost\OneDrive\桌面\Desktop\Documents\ComputerScienceThesis\src\test.py", "Python", 52, 0, 0, 0, 0, 0, 0, 0, 0, 0, 0, 0, 0, 0, 0, 0, 14, 3, 69
"c:\Users\shadowofgost\OneDrive\桌面\Desktop\Documents\ComputerScienceThesis\src\数据库-sql\main_admin.sql", "SQL", 0, 39, 0, 0, 0, 0, 0, 0, 0, 0, 0, 0, 0, 0, 0, 0, 0, 6, 45
"c:\Users\shadowofgost\OneDrive\桌面\Desktop\Documents\ComputerScienceThesis\src\数据库-sql\main_announcement.sql", "SQL", 0, 50, 0, 0, 0, 0, 0, 0, 0, 0, 0, 0, 0, 0, 0, 0, 0, 7, 57
"c:\Users\shadowofgost\OneDrive\桌面\Desktop\Documents\ComputerScienceThesis\src\数据库-sql\main_class.sql", "SQL", 0, 62, 0, 0, 0, 0, 0, 0, 0, 0, 0, 0, 0, 0, 0, 0, 0, 8, 70
"c:\Users\shadowofgost\OneDrive\桌面\Desktop\Documents\ComputerScienceThesis\src\数据库-sql\main_department.sql", "SQL", 0, 44, 0, 0, 0, 0, 0, 0, 0, 0, 0, 0, 0, 0, 0, 0, 0, 5, 49
"c:\Users\shadowofgost\OneDrive\桌面\Desktop\Documents\ComputerScienceThesis\src\数据库-sql\main_score.sql", "SQL", 0, 219, 0, 0, 0, 0, 0, 0, 0, 0, 0, 0, 0, 0, 0, 0, 0, 7, 226
"c:\Users\shadowofgost\OneDrive\桌面\Desktop\Documents\ComputerScienceThesis\src\数据库-sql\main_student.sql", "SQL", 0, 669, 0, 0, 0, 0, 0, 0, 0, 0, 0, 0, 0, 0, 0, 0, 0, 16, 685
"c:\Users\shadowofgost\OneDrive\桌面\Desktop\Documents\ComputerScienceThesis\src\数据库-sql\main_teacher.sql", "SQL", 0, 233, 0, 0, 0, 0, 0, 0, 0, 0, 0, 0, 0, 0, 0, 0, 0, 13, 246
"c:\Users\shadowofgost\OneDrive\桌面\Desktop\Documents\ComputerScienceThesis\src\数据库-sql\main_type.sql", "SQL", 0, 20, 0, 0, 0, 0, 0, 0, 0, 0, 0, 0, 0, 0, 0, 0, 0, 4, 24
"c:\Users\shadowofgost\OneDrive\桌面\Desktop\Documents\ComputerScienceThesis\论文\LatexTemplate\LaTeX-Template\1.0\abstract.tex", "LaTeX", 0, 0, 10, 0, 0, 0, 0, 0, 0, 0, 0, 0, 0, 0, 0, 0, 3, 3, 16
"c:\Users\shadowofgost\OneDrive\桌面\Desktop\Documents\ComputerScienceThesis\论文\LatexTemplate\LaTeX-Template\1.0\acknowlegements.tex", "LaTeX", 0, 0, 7, 0, 0, 0, 0, 0, 0, 0, 0, 0, 0, 0, 0, 0, 0, 5, 12
"c:\Users\shadowofgost\OneDrive\桌面\Desktop\Documents\ComputerScienceThesis\论文\LatexTemplate\LaTeX-Template\1.0\appendix.tex", "LaTeX", 0, 0, 5, 0, 0, 0, 0, 0, 0, 0, 0, 0, 0, 0, 0, 0, 0, 2, 7
"c:\Users\shadowofgost\OneDrive\桌面\Desktop\Documents\ComputerScienceThesis\论文\LatexTemplate\LaTeX-Template\1.0\conclusion.tex", "LaTeX", 0, 0, 8, 0, 0, 0, 0, 0, 0, 0, 0, 0, 0, 0, 0, 0, 0, 6, 14
"c:\Users\shadowofgost\OneDrive\桌面\Desktop\Documents\ComputerScienceThesis\论文\LatexTemplate\LaTeX-Template\1.0\main.tex", "LaTeX", 0, 0, 23, 0, 0, 0, 0, 0, 0, 0, 0, 0, 0, 0, 0, 0, 35, 14, 72
"c:\Users\shadowofgost\OneDrive\桌面\Desktop\Documents\ComputerScienceThesis\论文\LatexTemplate\LaTeX-Template\1.0\mainbody.tex", "LaTeX", 0, 0, 270, 0, 0, 0, 0, 0, 0, 0, 0, 0, 0, 0, 0, 0, 1, 83, 354
"c:\Users\shadowofgost\OneDrive\桌面\Desktop\Documents\ComputerScienceThesis\论文\LatexTemplate\LaTeX-Template\1.0\preamble.tex", "LaTeX", 0, 0, 68, 0, 0, 0, 0, 0, 0, 0, 0, 0, 0, 0, 0, 0, 29, 10, 107
"c:\Users\shadowofgost\OneDrive\桌面\Desktop\Documents\ComputerScienceThesis\论文\LatexTemplate\LaTeX-Template\1.0\preface.tex", "LaTeX", 0, 0, 4, 0, 0, 0, 0, 0, 0, 0, 0, 0, 0, 0, 0, 0, 0, 2, 6
"c:\Users\shadowofgost\OneDrive\桌面\Desktop\Documents\ComputerScienceThesis\论文\LatexTemplate\LaTeX-Template\1.0\references.tex", "LaTeX", 0, 0, 15, 0, 0, 0, 0, 0, 0, 0, 0, 0, 0, 0, 0, 0, 2, 1, 18
"c:\Users\shadowofgost\OneDrive\桌面\Desktop\Documents\ComputerScienceThesis\论文\LatexTemplate\LaTeX-Template\1.0\refs.bib", "BibTeX", 0, 0, 0, 0, 0, 0, 0, 0, 0, 0, 42, 0, 0, 0, 0, 0, 0, 3, 45
"c:\Users\shadowofgost\OneDrive\桌面\Desktop\Documents\ComputerScienceThesis\论文\LatexTemplate\LaTeX-Template\README.md", "Markdown", 0, 0, 0, 0, 0, 3, 0, 0, 0, 0, 0, 0, 0, 0, 0, 0, 0, 4, 7
"c:\Users\shadowofgost\OneDrive\桌面\Desktop\Documents\ComputerScienceThesis\论文\LatexTemplate\sudathesis-bachelor-main\sudathesis-bachelor-main\README.md", "Markdown", 0, 0, 0, 0, 0, 66, 0, 0, 0, 0, 0, 0, 0, 0, 0, 0, 0, 16, 82
"c:\Users\shadowofgost\OneDrive\桌面\Desktop\Documents\ComputerScienceThesis\论文\LatexTemplate\sudathesis-bachelor-main\sudathesis-bachelor-main\src\main.tex", "LaTeX", 0, 0, 127, 0, 0, 0, 0, 0, 0, 0, 0, 0, 0, 0, 0, 0, 26, 44, 197
"c:\Users\shadowofgost\OneDrive\桌面\Desktop\Documents\ComputerScienceThesis\论文\LatexTemplate\sudathesis-bachelor-main\sudathesis-bachelor-main\src\references.bib", "BibTeX", 0, 0, 0, 0, 0, 0, 0, 0, 0, 0, 15, 0, 0, 0, 0, 0, 0, 0, 15
"c:\Users\shadowofgost\OneDrive\桌面\Desktop\Documents\ComputerScienceThesis\论文\LatexTemplate\sudathesis\back.json", "JSON", 0, 0, 0, 0, 0, 0, 0, 0, 0, 0, 0, 0, 88, 0, 0, 0, 0, 1, 89
"c:\Users\shadowofgost\OneDrive\桌面\Desktop\Documents\ComputerScienceThesis\论文\LatexTemplate\sudathesis\scripts\clean.bat", "Batch", 0, 0, 0, 0, 0, 0, 0, 0, 0, 0, 0, 0, 0, 0, 5, 0, 0, 0, 5
"c:\Users\shadowofgost\OneDrive\桌面\Desktop\Documents\ComputerScienceThesis\论文\LatexTemplate\sudathesis\scripts\clean.sh", "Shell Script", 0, 0, 0, 0, 0, 0, 0, 0, 0, 0, 0, 0, 0, 0, 0, 3, 1, 1, 5
"c:\Users\shadowofgost\OneDrive\桌面\Desktop\Documents\ComputerScienceThesis\论文\LatexTemplate\sudathesis\scripts\complie.bat", "Batch", 0, 0, 0, 0, 0, 0, 0, 0, 0, 0, 0, 0, 0, 0, 19, 0, 0, 1, 20
"c:\Users\shadowofgost\OneDrive\桌面\Desktop\Documents\ComputerScienceThesis\论文\LatexTemplate\sudathesis\scripts\complie.sh", "Shell Script", 0, 0, 0, 0, 0, 0, 0, 0, 0, 0, 0, 0, 0, 0, 0, 15, 4, 1, 20
"c:\Users\shadowofgost\OneDrive\桌面\Desktop\Documents\ComputerScienceThesis\论文\LatexTemplate\sudathesis\sudathesis.cls", "TeX", 0, 0, 0, 0, 0, 0, 0, 0, 0, 0, 0, 0, 0, 228, 0, 0, 69, 41, 338
"c:\Users\shadowofgost\OneDrive\桌面\Desktop\Documents\ComputerScienceThesis\论文\LatexTemplate\sudathesis\test.tex", "LaTeX", 0, 0, 1, 0, 0, 0, 0, 0, 0, 0, 0, 0, 0, 0, 0, 0, 0, 1, 2
"c:\Users\shadowofgost\OneDrive\桌面\Desktop\Documents\ComputerScienceThesis\论文\LatexTemplate\undergraduate-1.01\abstract.tex", "LaTeX", 0, 0, 10, 0, 0, 0, 0, 0, 0, 0, 0, 0, 0, 0, 0, 0, 4, 3, 17
"c:\Users\shadowofgost\OneDrive\桌面\Desktop\Documents\ComputerScienceThesis\论文\LatexTemplate\undergraduate-1.01\acknowlegements.tex", "LaTeX", 0, 0, 6, 0, 0, 0, 0, 0, 0, 0, 0, 0, 0, 0, 0, 0, 0, 1, 7
"c:\Users\shadowofgost\OneDrive\桌面\Desktop\Documents\ComputerScienceThesis\论文\LatexTemplate\undergraduate-1.01\appendix.tex", "LaTeX", 0, 0, 8, 0, 0, 0, 0, 0, 0, 0, 0, 0, 0, 0, 0, 0, 0, 1, 9
"c:\Users\shadowofgost\OneDrive\桌面\Desktop\Documents\ComputerScienceThesis\论文\LatexTemplate\undergraduate-1.01\conclusion.tex", "LaTeX", 0, 0, 8, 0, 0, 0, 0, 0, 0, 0, 0, 0, 0, 0, 0, 0, 0, 3, 11
"c:\Users\shadowofgost\OneDrive\桌面\Desktop\Documents\ComputerScienceThesis\论文\LatexTemplate\undergraduate-1.01\main.tex", "LaTeX", 0, 0, 23, 0, 0, 0, 0, 0, 0, 0, 0, 0, 0, 0, 0, 0, 35, 14, 72
"c:\Users\shadowofgost\OneDrive\桌面\Desktop\Documents\ComputerScienceThesis\论文\LatexTemplate\undergraduate-1.01\mainbody.tex", "LaTeX", 0, 0, 41, 0, 0, 0, 0, 0, 0, 0, 0, 0, 0, 0, 0, 0, 0, 2, 43
"c:\Users\shadowofgost\OneDrive\桌面\Desktop\Documents\ComputerScienceThesis\论文\LatexTemplate\undergraduate-1.01\preamble.tex", "LaTeX", 0, 0, 25, 0, 0, 0, 0, 0, 0, 0, 0, 0, 0, 0, 0, 0, 30, 8, 63
"c:\Users\shadowofgost\OneDrive\桌面\Desktop\Documents\ComputerScienceThesis\论文\LatexTemplate\undergraduate-1.01\preface.tex", "LaTeX", 0, 0, 2, 0, 0, 0, 0, 0, 0, 0, 0, 0, 0, 0, 0, 0, 0, 0, 2
"c:\Users\shadowofgost\OneDrive\桌面\Desktop\Documents\ComputerScienceThesis\论文\LatexTemplate\undergraduate-1.01\references.tex", "LaTeX", 0, 0, 5, 0, 0, 0, 0, 0, 0, 0, 0, 0, 0, 0, 0, 0, 0, 0, 5
"c:\Users\shadowofgost\OneDrive\桌面\Desktop\Documents\ComputerScienceThesis\论文\LatexTemplate\undergraduate-1.01\tex.tex", "LaTeX", 0, 0, 22, 0, 0, 0, 0, 0, 0, 0, 0, 0, 0, 0, 0, 0, 2, 1, 25
"Total", "-", 4778, 1445, 688, 900, 33016, 71, 486360, 88, 7, 3808, 57, 11, 89, 228, 24, 18, 18256, 116866, 666710